"","SYMBOL","X1107H4D","Normalized_Per_Million","Normal_Mean","Normal_Mean_per_Million","Normal_Median","Normal_SD","Z_score","Foldchange","Gene_State","Potential_FP_or_FN"
"ENSG00000000938","FGR",78.925,16.221,88.081,17.614,69.875,82.876,-0.11,0.896,"NORMAL","0"
"ENSG00000004468","CD38",13.4,2.754,55.315,11.065,20.5625,149.898,-0.28,0.242,"NORMAL","0"
"ENSG00000007312","CD79B",0,0,1.249,0.25,0.5125,2.118,-0.59,0,"NORMAL","-"
"ENSG00000008018","PSMB1",753.775,154.922,616.032,123.191,610.825,148.628,0.927,1.224,"NORMAL","0"
"ENSG00000010671","BTK",12.65,2.6,9.521,1.904,5.55,9.78,0.32,1.329,"NORMAL","0"
"ENSG00000010810","FYN",266.925,54.861,305.132,61.026,304.7625,88.66,-0.431,0.875,"NORMAL","0"
"ENSG00000012048","BRCA1",27.3,5.611,47.16,9.431,42.5125,18.544,-1.071,0.579,"NORMAL","0"
"ENSG00000012124","CD22",60.65,12.465,297.225,59.446,332.0375,206.095,-1.148,0.204,"NORMAL","0"
"ENSG00000014257","ACPP",10.2,2.096,16.369,3.273,13.45,10.764,-0.573,0.623,"NORMAL","0"
"ENSG00000015592","STMN4",0.975,0.2,1.916,0.383,1.1,2.685,-0.35,0.509,"NORMAL","-"
"ENSG00000017427","IGF1",1445.3,297.05,794.021,158.785,659.0625,642.9,1.013,1.82,"NORMAL","0"
"ENSG00000019991","HGF",35.5,7.296,95.024,19.006,56.9625,81.944,-0.726,0.374,"NORMAL","0"
"ENSG00000020922","MRE11",566.325,116.396,396.105,79.222,402.425,133.604,1.274,1.43,"NORMAL","0"
"ENSG00000026751","SLAMF7",19.475,4.003,45.152,9.03,16.225,82.729,-0.31,0.431,"NORMAL","0"
"ENSG00000037280","FLT4",9.4,1.932,48.28,9.655,42.675,23.593,-1.648,0.195,"LOW","0"
"ENSG00000041880","PARP3",198.275,40.751,147.1,29.416,137.55,50.761,1.008,1.348,"NORMAL","0"
"ENSG00000047849","MAP4",422.5,86.836,580.373,116.074,564.2875,142.837,-1.105,0.728,"LOW","0"
"ENSG00000047936","ROS1",1.925,0.396,10.156,2.031,0,49.378,-0.167,0.19,"VERY HIGH","+"
"ENSG00000048052","HDAC9",907.325,186.481,174.46,34.892,131.925,119.061,6.155,5.201,"HIGH","0"
"ENSG00000048392","RRM2B",125.4,25.773,175.346,35.069,173.2125,57.053,-0.875,0.715,"NORMAL","0"
"ENSG00000048462","TNFRSF17",3.975,0.817,20.825,4.164,2.825,51.931,-0.324,0.191,"NORMAL","-"
"ENSG00000049130","KITLG",176.725,36.322,342.929,68.587,326.8125,182.788,-0.909,0.515,"NORMAL","0"
"ENSG00000051180","RAD51",26.45,5.436,10.981,2.196,9.3125,11.046,1.4,2.409,"NORMAL","0"
"ENSG00000061273","HDAC7",2691.925,553.267,1360.977,272.162,1327.875,501.794,2.652,1.978,"HIGH","0"
"ENSG00000064300","NGFR",22.825,4.691,13.185,2.637,9.5125,16.317,0.591,1.731,"NORMAL","0"
"ENSG00000065361","ERBB3",405.35,83.311,70.651,14.13,13.1125,135.144,2.477,5.737,"HIGH","0"
"ENSG00000066468","FGFR2",84.2,17.305,211.87,42.375,144.5875,174.605,-0.731,0.397,"LOW","0"
"ENSG00000068024","HDAC4",98.075,20.157,119.646,23.93,123.3375,35.363,-0.61,0.82,"NORMAL","0"
"ENSG00000068078","FGFR3",28.375,5.832,19.537,3.909,3.725,49.434,0.179,1.452,"NORMAL","0"
"ENSG00000070501","POLB",328.95,67.609,185.971,37.195,174.8375,39.819,3.591,1.769,"HIGH","0"
"ENSG00000070669","ASNS",7.825,1.608,7.449,1.49,5.525,7.037,0.053,1.05,"NORMAL","-"
"ENSG00000073756","PTGS2",48.975,10.066,166.114,33.222,140.45,130.402,-0.898,0.295,"NORMAL","0"
"ENSG00000074935","TUBE1",78.925,16.221,202.191,40.438,186.125,82.261,-1.498,0.39,"NORMAL","0"
"ENSG00000074966","TXK",4.85,0.997,3.514,0.703,1.2,4.204,0.318,1.38,"NORMAL","-"
"ENSG00000076242","MLH1",200.8,41.27,206.175,41.23,198.875,33.161,-0.162,0.974,"NORMAL","0"
"ENSG00000077092","RARB",26.45,5.436,52.724,10.546,42.0375,23.26,-1.13,0.502,"NORMAL","0"
"ENSG00000077097","TOP2B",918.25,188.726,1075.099,215.021,1102.4,262.179,-0.598,0.854,"NORMAL","0"
"ENSG00000077782","FGFR1",1043.3,214.428,1538.464,307.7,1650.075,430.255,-1.151,0.678,"LOW","0"
"ENSG00000078018","MAP2",264.075,54.275,288.315,57.67,278.275,117.242,-0.207,0.916,"NORMAL","0"
"ENSG00000081051","AFP",0,0,12.283,2.456,1.1375,45.607,-0.269,0,"NORMAL","-"
"ENSG00000082175","PGR",108.5,22.3,1195.115,239.049,751.25,1570.872,-0.692,0.091,"LOW","0"
"ENSG00000082898","XPO1",379.225,77.941,416.288,83.258,397.9125,117.973,-0.314,0.911,"NORMAL","0"
"ENSG00000088305","DNMT3B",108.5,22.3,20.173,4.035,20.325,7.954,11.105,5.378,"HIGH","0"
"ENSG00000089250","NOS1",5.6,1.151,4.971,0.994,2.7625,5.918,0.106,1.127,"NORMAL","-"
"ENSG00000089692","LAG3",3.975,0.817,20.87,4.174,19.8375,12.37,-1.366,0.19,"NORMAL","0"
"ENSG00000091831","ESR1",457.9,94.111,587.651,117.542,200.3375,1081.162,-0.12,0.779,"NORMAL","0"
"ENSG00000094631","HDAC6",382.325,78.579,215.558,43.106,176.075,112.083,1.488,1.774,"NORMAL","0"
"ENSG00000095002","MSH2",1306.6,268.543,286.158,57.234,272.1125,94.968,10.745,4.566,"HIGH","0"
"ENSG00000096968","JAK2",169.325,34.801,413.868,82.776,422.7,90.024,-2.716,0.409,"LOW","0"
"ENSG00000097007","ABL1",481.225,98.905,806.899,161.395,766.2,250.663,-1.299,0.596,"NORMAL","0"
"ENSG00000100030","MAPK1",708.85,145.689,871.424,174.29,844.6125,148.174,-1.097,0.813,"NORMAL","0"
"ENSG00000100311","PDGFB",169.325,34.801,136.793,27.355,121.9375,73.036,0.445,1.238,"NORMAL","0"
"ENSG00000100316","RPL3",384.375,79,2229.03,445.822,2340.575,862.01,-2.14,0.172,"LOW","0"
"ENSG00000100429","HDAC10",29.875,6.14,16.751,3.35,13.2125,10.365,1.266,1.783,"NORMAL","0"
"ENSG00000100479","POLE2",56.55,11.623,16.423,3.284,13.575,8.888,4.515,3.443,"HIGH","0"
"ENSG00000100804","PSMB5",438.825,90.191,441.797,88.349,432.7375,147.407,-0.02,0.993,"NORMAL","0"
"ENSG00000101162","TUBB1",5.6,1.151,3.507,0.701,2.6375,3.266,0.641,1.597,"NORMAL","-"
"ENSG00000101213","PTK6",63.675,13.087,18.735,3.748,0,52.477,0.856,3.399,"NORMAL","0"
"ENSG00000101336","HCK",43.275,8.894,72.729,14.544,47.3375,87.263,-0.338,0.595,"NORMAL","0"
"ENSG00000101868","POLA1",84.2,17.305,140.451,28.091,136.525,50.55,-1.113,0.599,"NORMAL","0"
"ENSG00000101916","TLR8",28.975,5.955,29.002,5.801,17.3,27.676,-0.001,0.999,"NORMAL","0"
"ENSG00000102010","BMX",0.375,0.077,18.655,3.731,13.725,16.194,-1.129,0.02,"LOW","0"
"ENSG00000102755","FLT1",137.1,28.178,332.138,66.431,242.125,226.717,-0.86,0.413,"NORMAL","0"
"ENSG00000104320","NBN",388.425,79.832,462.754,92.539,442.7125,92.791,-0.801,0.839,"NORMAL","0"
"ENSG00000104687","GSR",498.35,102.425,622.752,124.535,657.95,172.637,-0.721,0.8,"NORMAL","0"
"ENSG00000105383","CD33",3.225,0.663,17.884,3.576,12.1,21.007,-0.698,0.18,"NORMAL","0"
"ENSG00000105397","TYK2",271.75,55.852,116.001,23.197,104.5875,61.518,2.532,2.343,"HIGH","0"
"ENSG00000105486","LIG1",288.6,59.315,114.014,22.803,86.95,82.749,2.11,2.531,"HIGH","0"
"ENSG00000105639","JAK3",240.625,49.455,94.099,18.82,102.2125,46.872,3.126,2.557,"HIGH","0"
"ENSG00000105810","CDK6",443.4,91.131,265.878,53.177,242.8625,97.261,1.825,1.668,"NORMAL","0"
"ENSG00000105976","MET",568.025,116.745,197.711,39.542,46.7,427.961,0.865,2.873,"NORMAL","0"
"ENSG00000106462","EZH2",479.575,98.566,97.408,19.482,92.475,58.91,6.487,4.923,"HIGH","0"
"ENSG00000106546","AHR",1074.1,220.758,440.434,88.089,328.5625,336.463,1.883,2.439,"NORMAL","0"
"ENSG00000108384","RAD51C",48.975,10.066,146.594,29.315,142.35,38.513,-2.535,0.334,"LOW","0"
"ENSG00000108423","TUBD1",31.925,6.561,89.941,17.989,87.2,32.407,-1.79,0.355,"LOW","0"
"ENSG00000108799","EZH1",157.675,32.407,365.398,73.08,385.1125,128.22,-1.62,0.432,"LOW","0"
"ENSG00000108840","HDAC5",51.7,10.626,152.923,30.588,138.35,71.81,-1.41,0.338,"NORMAL","0"
"ENSG00000109163","GNRHR",0,0,1.004,0.201,0.0125,1.691,-0.594,0,"NORMAL","-"
"ENSG00000109471","IL2",0,0,1.553,0.311,0,3.555,-0.437,0,"NORMAL","-"
"ENSG00000110195","FOLR1",1107.325,227.587,100.435,20.09,2.6,373.364,2.697,11.025,"NORMAL","0"
"ENSG00000111252","SH2B3",52.5,10.79,101.794,20.362,83.325,81.133,-0.608,0.516,"NORMAL","0"
"ENSG00000111816","FRK",58.7,12.065,100.4,20.08,75.3,94.053,-0.443,0.585,"NORMAL","0"
"ENSG00000112651","MRPL2",100.7,20.697,89.13,17.826,87.45,19.077,0.606,1.13,"NORMAL","0"
"ENSG00000112715","VEGFA",2034.975,418.245,552.544,110.51,320.45,697.428,2.126,3.683,"HIGH","0"
"ENSG00000113263","ITK",9.4,1.932,20.966,4.193,15.4375,21.349,-0.542,0.448,"NORMAL","0"
"ENSG00000113522","RAD50",78.925,16.221,109.397,21.882,110.0625,26.669,-1.143,0.721,"LOW","0"
"ENSG00000113578","FGF1",8.6,1.768,14.628,2.926,6.3,20.377,-0.296,0.588,"NORMAL","-"
"ENSG00000113580","NR3C1",345.025,70.912,752.449,150.493,726.1875,248.46,-1.64,0.459,"LOW","0"
"ENSG00000113721","PDGFRB",471.7,96.948,973.61,194.742,961.9375,377.301,-1.33,0.484,"LOW","0"
"ENSG00000113851","CRBN",228.85,47.035,480.822,96.166,465.525,189.101,-1.332,0.476,"LOW","0"
"ENSG00000115350","POLE4",167.4,34.405,139.477,27.899,137.3125,39.001,0.716,1.2,"NORMAL","0"
"ENSG00000116062","MSH6",1082.775,222.541,1103.67,220.742,1200.5875,405.031,-0.052,0.981,"NORMAL","0"
"ENSG00000116478","HDAC1",595.1,122.31,454.096,90.819,434,103.027,1.369,1.311,"NORMAL","0"
"ENSG00000118046","STK11",57.625,11.844,94.673,18.937,99.2125,27.302,-1.357,0.609,"NORMAL","0"
"ENSG00000119630","PGF",2.575,0.529,4.207,0.842,2.45,6.161,-0.265,0.612,"NORMAL","-"
"ENSG00000119772","DNMT3A",440.725,90.581,245.141,49.022,218.475,119.573,1.636,1.798,"HIGH","0"
"ENSG00000119888","EPCAM",3840.175,789.265,547.939,109.595,49.1125,1275.096,2.582,7.008,"HIGH","0"
"ENSG00000120156","TEK",11.875,2.441,92.99,18.598,89.95,53.026,-1.53,0.128,"LOW","0"
"ENSG00000120217","CD274",5.6,1.151,38.365,7.673,33.8375,18.448,-1.776,0.146,"LOW","0"
"ENSG00000120659","TNFSF11",0.375,0.077,11.642,2.329,0,49.311,-0.228,0.032,"NORMAL","-"
"ENSG00000120949","TNFRSF8",5.6,1.151,2.638,0.528,2.65,2.289,1.294,2.123,"NORMAL","-"
"ENSG00000121879","PIK3CA",269.75,55.441,406.186,81.237,402.8,88.513,-1.541,0.664,"NORMAL","0"
"ENSG00000122025","FLT3",0,0,2.611,0.522,0.875,4.056,-0.644,0,"NORMAL","-"
"ENSG00000122512","PMS2",36.45,7.492,33.684,6.737,31.5,17.634,0.157,1.082,"NORMAL","0"
"ENSG00000126067","PSMB2",824.85,169.53,336.714,67.344,292.55,138.57,3.523,2.45,"HIGH","0"
"ENSG00000126934","MAP2K2",752.225,154.604,383.818,76.766,367.0375,110.601,3.331,1.96,"HIGH","0"
"ENSG00000127824","TUBA4A",181.4,37.283,136.155,27.228,104.475,114.944,0.394,1.332,"NORMAL","0"
"ENSG00000127922","SEM1",422.5,86.836,1232.172,246.438,1296,352.889,-2.294,0.343,"VERY LOW","0"
"ENSG00000128052","KDR",23.825,4.897,100.732,20.144,69.6625,83.369,-0.922,0.237,"LOW","0"
"ENSG00000128059","PPAT",359.925,73.975,145.607,29.124,151.6875,40.891,5.241,2.472,"HIGH","0"
"ENSG00000128602","SMO",526.8,108.272,112.349,22.47,103.2875,64.319,6.444,4.689,"HIGH","0"
"ENSG00000129484","PARP2",134.075,27.556,149.851,29.967,148.7625,33.474,-0.471,0.895,"NORMAL","0"
"ENSG00000130164","LDLR",661.95,136.049,963.471,192.696,615.45,665.478,-0.453,0.687,"NORMAL","0"
"ENSG00000130816","DNMT1",321.85,66.149,284.899,56.981,257.2875,109.966,0.336,1.13,"NORMAL","0"
"ENSG00000131462","TUBG1",134.075,27.556,102.156,20.431,83.7875,48.318,0.661,1.312,"NORMAL","0"
"ENSG00000131747","TOP2A",282.325,58.026,163.093,32.62,60.25,321.788,0.371,1.731,"NORMAL","0"
"ENSG00000131759","RARA",264.075,54.275,289.084,57.81,260.875,112.318,-0.223,0.913,"NORMAL","0"
"ENSG00000132155","RAF1",562.45,115.599,422.783,84.556,391.875,123.898,1.127,1.33,"NORMAL","0"
"ENSG00000132671","SSTR4",0,0,1,0,0,1,-1,0,"NORMAL","-"
"ENSG00000133703","KRAS",316.625,65.075,334.282,66.858,321,130.294,-0.136,0.947,"NORMAL","0"
"ENSG00000134853","PDGFRA",300.15,61.689,1644.894,328.987,1643.0375,714.667,-1.882,0.182,"LOW","0"
"ENSG00000135446","CDK4",1059.375,217.732,546.562,109.313,567.6875,125.828,4.076,1.938,"HIGH","0"
"ENSG00000135454","B4GALNT1",20.325,4.177,14.221,2.844,10.2125,18.037,0.338,1.429,"NORMAL","0"
"ENSG00000135605","TEC",16.925,3.479,10.357,2.072,6.4125,9.13,0.719,1.634,"NORMAL","0"
"ENSG00000136492","BRIP1",82.05,16.864,44.82,8.964,45.0125,23.209,1.604,1.831,"NORMAL","0"
"ENSG00000136573","BLK",0.375,0.077,0.074,0.015,0,0.27,1.115,5.068,"VERY HIGH","+"
"ENSG00000136869","TLR4",41.5,8.529,247.451,49.496,230.9875,134.86,-1.527,0.168,"LOW","0"
"ENSG00000136877","FPGS",147.85,30.387,105.606,21.121,89.9,45.455,0.929,1.4,"NORMAL","0"
"ENSG00000137869","CYP19A1",14.225,2.924,176.799,35.371,15.3375,596.589,-0.273,0.08,"NORMAL","0"
"ENSG00000138039","LHCGR",4.85,0.997,32.845,6.569,16.1875,63.564,-0.44,0.148,"NORMAL","0"
"ENSG00000138363","ATIC",116.875,24.021,195.797,39.155,187.9875,46.268,-1.706,0.597,"NORMAL","0"
"ENSG00000138376","BARD1",163.1,33.522,125.726,25.145,119.725,41.24,0.906,1.297,"NORMAL","0"
"ENSG00000138413","IDH1",465.3,95.632,526.005,105.205,517.4,194.06,-0.313,0.885,"NORMAL","0"
"ENSG00000139618","BRCA2",87.525,17.989,41.154,8.231,37.7875,21.543,2.152,2.127,"NORMAL","0"
"ENSG00000139874","SSTR1",2.575,0.529,22.483,4.497,12.475,37.438,-0.532,0.115,"NORMAL","0"
"ENSG00000140009","ESR2",37.5,7.707,11.909,2.382,9.95,10.081,2.539,3.149,"NORMAL","0"
"ENSG00000140464","PML",325.025,66.802,157.884,31.573,157.5125,37.775,4.425,2.059,"HIGH","0"
"ENSG00000140538","NTRK3",40.425,8.308,86.796,17.357,55.65,83.777,-0.554,0.466,"NORMAL","0"
"ENSG00000141736","ERBB2",489.625,100.632,188.483,37.697,165.1875,96.517,3.12,2.598,"HIGH","0"
"ENSG00000142166","IFNAR1",238.275,48.972,253.201,50.634,250.4625,50.132,-0.298,0.941,"NORMAL","0"
"ENSG00000142515","KLK3",0,0,4.046,0.809,0,17.299,-0.234,0,"NORMAL","-"
"ENSG00000142627","EPHA2",59.625,12.255,105.133,21.024,75.2,83.558,-0.545,0.567,"NORMAL","0"
"ENSG00000142657","PGD",76.775,15.779,86.567,17.311,76.9875,45.694,-0.214,0.887,"NORMAL","0"
"ENSG00000143171","RXRG",0.975,0.2,6.582,1.316,4.875,6.464,-0.867,0.148,"NORMAL","-"
"ENSG00000143217","NECTIN4",91.575,18.821,10.339,2.068,0,24.355,3.335,8.857,"NORMAL","0"
"ENSG00000143799","PARP1",320.7,65.913,305.291,61.057,269.925,173.808,0.089,1.05,"NORMAL","0"
"ENSG00000143924","EML4",456.15,93.752,527.818,105.573,463.1875,203.769,-0.352,0.864,"NORMAL","0"
"ENSG00000144852","NR1I2",0,0,2.291,0.458,1.7625,1.784,-1.284,0,"VERY LOW","+"
"ENSG00000146648","EGFR",778,159.901,698.683,139.75,689.5125,173.679,0.457,1.114,"NORMAL","0"
"ENSG00000147099","HDAC8",294.8,60.59,193.588,38.721,178.225,59.828,1.692,1.523,"HIGH","0"
"ENSG00000147437","GNRH1",18.75,3.854,31.795,6.359,30.7125,16.587,-0.786,0.59,"NORMAL","0"
"ENSG00000148053","NTRK2",83,17.059,235.598,47.114,202.8,180.651,-0.845,0.352,"NORMAL","0"
"ENSG00000148229","POLE3",586.625,120.568,501.849,100.371,506.975,93.338,0.908,1.169,"NORMAL","0"
"ENSG00000148795","CYP17A1",3.975,0.817,47.254,9.45,10.6,83.963,-0.515,0.084,"NORMAL","0"
"ENSG00000149311","ATM",240.625,49.455,568.174,113.638,554.5625,124.421,-2.633,0.424,"LOW","0"
"ENSG00000150337","FCGR1A",3.225,0.663,14.227,2.846,8.2125,20.423,-0.539,0.227,"NORMAL","-"
"ENSG00000150630","VEGFC",9.4,1.932,50.143,10.029,41.9875,26.616,-1.531,0.187,"LOW","0"
"ENSG00000154188","ANGPT1",14.225,2.924,162.586,32.518,157.275,82.392,-1.801,0.087,"LOW","0"
"ENSG00000154229","PRKCA",210.95,43.356,513.03,102.608,550.5375,198.894,-1.519,0.411,"LOW","0"
"ENSG00000156738","MS4A1",0.975,0.2,19.404,3.88,5.3375,49.706,-0.371,0.05,"LOW","+"
"ENSG00000157404","KIT",209.575,43.074,1004.318,200.871,1030,515.222,-1.543,0.209,"LOW","0"
"ENSG00000157764","BRAF",673.8,138.485,365.752,73.153,327.0625,119.333,2.581,1.842,"HIGH","0"
"ENSG00000158825","CDA",39.475,8.113,12.819,2.563,9.0125,14.904,1.789,3.079,"NORMAL","0"
"ENSG00000159110","IFNAR2",651.825,133.969,239.198,47.843,208.6625,112.822,3.657,2.725,"HIGH","0"
"ENSG00000159131","GART",218.75,44.959,151.878,30.372,144.55,28.886,2.315,1.44,"NORMAL","0"
"ENSG00000160654","CD3G",9.4,1.932,48.451,9.691,26.2625,64.39,-0.606,0.194,"NORMAL","0"
"ENSG00000160867","FGFR4",18.75,3.854,23.078,4.616,16.625,20.45,-0.212,0.812,"NORMAL","0"
"ENSG00000161405","IKZF3",16.925,3.479,57.036,11.406,28.1625,74.412,-0.539,0.297,"NORMAL","0"
"ENSG00000162009","SSTR5",0,0,1,0,0,1,-1,0,"NORMAL","-"
"ENSG00000162434","JAK1",815,167.506,1118.315,223.664,1095.4,212.619,-1.427,0.729,"LOW","0"
"ENSG00000162733","DDR2",383.275,78.774,981.334,196.272,935.3125,408.967,-1.462,0.391,"LOW","0"
"ENSG00000162889","MAPKAPK2",1040.975,213.95,796.224,159.263,705.675,328.849,0.744,1.307,"NORMAL","0"
"ENSG00000163517","HDAC11",166.025,34.123,105.108,21.024,102.3875,36.818,1.655,1.58,"HIGH","0"
"ENSG00000163581","SLC2A2",0,0,1.136,0.227,0,5.138,-0.221,0,"NORMAL","-"
"ENSG00000163599","CTLA4",1.925,0.396,7.048,1.409,3.225,12.854,-0.399,0.273,"NORMAL","-"
"ENSG00000165197","VEGFD",3.225,0.663,26.129,5.226,15.05,27.268,-0.84,0.123,"LOW","0"
"ENSG00000165704","HPRT1",304.675,62.619,237.593,47.523,213.675,75.105,0.893,1.282,"NORMAL","0"
"ENSG00000165731","RET",15.2,3.124,14.897,2.98,12.5375,11.041,0.027,1.02,"NORMAL","0"
"ENSG00000166183","ASPG",2.575,0.529,35.87,7.174,37.725,23.274,-1.431,0.072,"LOW","0"
"ENSG00000166963","MAP1A",145.175,29.838,168.192,33.639,151.125,102.687,-0.224,0.863,"NORMAL","0"
"ENSG00000167286","CD3D",1.925,0.396,17.151,3.431,11.725,27.648,-0.551,0.112,"NORMAL","0"
"ENSG00000167325","RRM1",519.7,106.813,553.245,110.636,468.025,230.582,-0.145,0.939,"NORMAL","0"
"ENSG00000167552","TUBA1A",1097.225,225.511,1138.82,227.737,1130.1125,396.521,-0.105,0.963,"NORMAL","0"
"ENSG00000167601","AXL",52.5,10.79,162.979,32.592,155.575,55.201,-2.001,0.322,"LOW","0"
"ENSG00000168405","CMAHP",66.45,13.657,261.926,52.389,225.8125,127.737,-1.53,0.254,"LOW","0"
"ENSG00000169032","MAP2K1",131.05,26.934,301.907,60.382,286.875,92.551,-1.846,0.434,"LOW","0"
"ENSG00000169083","AR",462.325,95.021,663.557,132.71,707.4625,264.053,-0.762,0.697,"LOW","0"
"ENSG00000169442","CD52",137.1,28.178,119.288,23.858,53.1625,161.668,0.11,1.149,"NORMAL","0"
"ENSG00000171094","ALK",13.4,2.754,4.5,0.9,2.725,5.743,1.55,2.978,"NORMAL","0"
"ENSG00000171608","PIK3CD",50.7,10.42,128.93,25.786,131.3625,39.392,-1.986,0.393,"LOW","0"
"ENSG00000171720","HDAC3",264.95,54.455,265.77,53.154,253.225,57.384,-0.014,0.997,"NORMAL","0"
"ENSG00000171791","BCL2",108.5,22.3,423,84.599,404.7,172.549,-1.823,0.257,"LOW","0"
"ENSG00000171848","RRM2",199.875,41.08,27.983,5.597,12.3375,47.964,3.584,7.143,"NORMAL","0"
"ENSG00000171855","IFNB1",0,0,0.141,0.028,0,0.494,-0.285,0,"NORMAL","-"
"ENSG00000172819","RARG",182.225,37.452,78.787,15.758,83.425,30.201,3.425,2.313,"HIGH","0"
"ENSG00000173511","VEGFB",236.975,48.705,149.66,29.928,145.85,45.432,1.922,1.583,"NORMAL","0"
"ENSG00000176105","YES1",632.225,129.94,375.417,75.084,368.325,71.161,3.609,1.684,"HIGH","0"
"ENSG00000176387","HSD11B2",14.225,2.924,57.748,11.55,50.625,36.275,-1.2,0.246,"LOW","0"
"ENSG00000176890","TYMS",551.325,113.313,71.859,14.37,46.025,77.941,6.152,7.672,"HIGH","0"
"ENSG00000177084","POLE",109.525,22.51,46.954,9.392,43.2875,22.785,2.746,2.333,"HIGH","0"
"ENSG00000177455","CD19",2.575,0.529,25.468,5.093,21.8375,24.278,-0.943,0.101,"LOW","0"
"ENSG00000178035","IMPDH2",135.05,27.757,598.842,119.773,575.4625,256.767,-1.806,0.226,"LOW","0"
"ENSG00000178568","ERBB4",132.35,27.202,34.371,6.874,15.7,83.75,1.17,3.851,"HIGH","0"
"ENSG00000180616","SSTR2",28.975,5.955,22.965,4.593,11.3125,32.75,0.184,1.262,"NORMAL","0"
"ENSG00000181163","NPM1",1786.275,367.13,2718.883,543.829,2963.2625,658.654,-1.416,0.657,"NORMAL","0"
"ENSG00000182054","IDH2",604.4,124.221,244.181,48.838,119.6875,368.228,0.978,2.475,"HIGH","0"
"ENSG00000182578","CSF1R",32.95,6.772,73.606,14.719,60.15,51.045,-0.796,0.448,"NORMAL","0"
"ENSG00000182866","LCK",3.975,0.817,6.903,1.38,4.725,7.394,-0.396,0.576,"NORMAL","-"
"ENSG00000183765","CHEK2",16.925,3.479,24.722,4.944,21.925,9.547,-0.817,0.685,"NORMAL","0"
"ENSG00000183813","CCR4",0,0,1.154,0.231,0,1.956,-0.59,0,"NORMAL","-"
"ENSG00000184292","TACSTD2",4058.825,834.204,533.507,106.688,48.1,1221.416,2.886,7.608,"HIGH","0"
"ENSG00000184428","TOP1MT",203.35,41.794,98.748,19.75,93.5625,27.816,3.76,2.059,"HIGH","0"
"ENSG00000185291","IL3RA",0.975,0.2,11.389,2.278,6.9875,13.389,-0.778,0.086,"LOW","+"
"ENSG00000185379","RAD51D",89.65,18.426,68.606,13.72,66.1875,16.327,1.289,1.307,"NORMAL","0"
"ENSG00000185386","MAPK11",3.975,0.817,20.462,4.093,19.85,8.52,-1.935,0.194,"LOW","0"
"ENSG00000185664","PMEL",3.225,0.663,14.933,2.987,12.4125,9.704,-1.207,0.216,"LOW","0"
"ENSG00000185811","IKZF1",17.95,3.689,93.045,18.612,56.8625,90.153,-0.833,0.193,"NORMAL","0"
"ENSG00000186350","RXRA",222.525,45.735,446.906,89.389,442.975,120.345,-1.864,0.498,"LOW","0"
"ENSG00000186716","BCR",76.775,15.779,68.062,13.613,71.2125,34.767,0.251,1.128,"NORMAL","0"
"ENSG00000186868","MAPT",131.05,26.934,110.98,22.193,84.5125,115.058,0.174,1.181,"NORMAL","0"
"ENSG00000188379","IFNA2",0,0,0.083,0.017,0,0.199,-0.417,0,"NORMAL","-"
"ENSG00000188389","PDCD1",0.375,0.077,1.218,0.244,0.25,2.237,-0.377,0.308,"NORMAL","-"
"ENSG00000189221","MAOA",100.7,20.697,587.478,117.496,521.2875,338.716,-1.437,0.171,"LOW","0"
"ENSG00000196230","TUBB",5980.4,1229.142,1716.344,343.304,1727.4,518.328,8.227,3.484,"HIGH","0"
"ENSG00000196591","HDAC2",1179.275,242.374,1099.958,220.017,1057.7125,238.923,0.332,1.072,"NORMAL","0"
"ENSG00000196664","TLR7",1.925,0.396,21.914,4.382,16.225,20.244,-0.987,0.088,"LOW","0"
"ENSG00000196839","ADA",14.225,2.924,37.49,7.498,15.8375,84.794,-0.274,0.379,"NORMAL","0"
"ENSG00000197122","SRC",236.975,48.705,172.243,34.45,153.5125,64.158,1.009,1.376,"NORMAL","0"
"ENSG00000197461","PDGFA",292.275,60.071,186.445,37.289,118.8875,149.705,0.707,1.568,"NORMAL","0"
"ENSG00000198056","PRIM1",7.1,1.459,27.298,5.46,23.175,15.379,-1.313,0.26,"LOW","0"
"ENSG00000198400","NTRK1",3.225,0.663,0.758,0.152,0,1.712,1.441,4.255,"NORMAL","-"
"ENSG00000198408","MGEA5",1047.775,215.347,1334.463,266.9,1221.575,383.03,-0.748,0.785,"NORMAL","0"
"ENSG00000198431","TXNRD1",180,36.995,463.927,92.795,469.725,112.304,-2.528,0.388,"LOW","0"
"ENSG00000198793","MTOR",94.275,19.376,145.924,29.186,126.1,45.083,-1.146,0.646,"LOW","0"
"ENSG00000198851","CD3E",11.875,2.441,22.185,4.437,15.2,32.843,-0.314,0.535,"NORMAL","0"
"ENSG00000204231","RXRB",281.85,57.928,148.717,29.74,143,49.417,2.694,1.895,"HIGH","0"
"ENSG00000204264","PSMB8",64.475,13.251,125.407,25.079,100.7625,83.792,-0.727,0.514,"NORMAL","0"
"ENSG00000204580","DDR1",2126.025,436.958,559.884,111.963,459.925,285.253,5.49,3.797,"HIGH","0"
"ENSG00000205220","PSMB10",0,0,1.446,0.289,1.125,1.388,-1.042,0,"LOW","+"
"ENSG00000206503","HLA-A",981.45,201.716,2049.071,409.833,1620.3,1412.064,-0.756,0.479,"LOW","0"
"ENSG00000213923","CSNK1E",1113.725,228.902,428.634,85.716,404.475,139.096,4.925,2.598,"HIGH","0"
"ENSG00000228716","DHFR",207.5,42.647,49.891,9.979,33.5625,45.007,3.502,4.159,"HIGH","0"
"ENSG00000232810","TNF",22.05,4.532,3.946,0.789,2.325,5.167,3.504,5.588,"HIGH","0"
"ENSG00000240065","PSMB9",116.875,24.021,175.48,35.101,143.0625,127.051,-0.461,0.666,"NORMAL","0"
"ENSG00000254087","LYN",611.225,125.624,239.504,47.895,195.075,152.187,2.443,2.552,"HIGH","0"
"ENSG00000258947","TUBB3",170.6,35.063,10.46,2.092,5.125,14.968,10.699,16.31,"HIGH","0"
"ENSG00000278195","SSTR3",23.825,4.897,26.231,5.247,13.525,36.925,-0.065,0.908,"NORMAL","0"
